Full Name,Phone,Email,Age,Experience,Yearly Income,Has children,License states,Expiration date,License number
Theodora Swaffield,+7 300 963 6027,tswaffield0@discuz.net,37,88,88.00,false,sanFranc|SA,11/18/2021,123456
Jourdan Marginson,+86 128 570 7404,jmarginson1@typepad.com,58,51,4100000,,sanFranc|SA,06/20/2020,"'""'"
Zachariah Hallgath,+92 138 453 4667,zhallgath2@weibo.com,72,80,231559.01,now,sanFranc|SA,2022-01-20,â€«testâ€«
Torrin Eilhart,+374 960 497 1430,tswaffield0@discuz.net,24,85,80.154,true,sanFranc|SA,11/27/2020,ìš¸ë€ë°”í† ë¥´
Delmor Hissie,+7 573 579 3097,tswaffield0@discuz.net,83,4,67,true,sanFranc|SA,10/30/2020,1/0
Andrei MacPaden,+1 262 539 7145,amacpaden5@nyu.edu,52,12,23,true,Ontario,3/26/2021,Å’â€Â´â€°Ë‡ÃÂ¨Ë†Ã˜âˆâ€â€™
Joli Humphrey,+62 771 733 3686,jhumphrey6@umich.edu,5,69,23,true,sanFranc|SA,11/23/2020,",ã€‚ãƒ»:*:ãƒ»ã‚œâ€™( â˜» Ï‰ â˜» )ã€‚ãƒ»:*:ãƒ»ã‚œâ€™"
Shelley Pickavant,+92 264 260 2440,spickavant7@washingtonpost.com,66,91,40,true,texas|T,7/25/2020,â€«testâ€«
Marlyn Latehouse,+33 534 503 8810,mlatehouse8@t-online.de,34,84,27,true,Ãle-de-France,8/27/2020,Ë™Énbá´‰lÉ ÉuÆƒÉÉ¯ É¯ÇÉ¹oË¥
Georges Kirvell,+56 537 382 2532,gkirvell9@amazon.co.uk,5,79,87,true,LA,7/30/2020,1
Genvieve Dineen,+1 949 203 6195,gdineena@squarespace.com,4,88,67.15,true,Saskatchewan,7/16/2022,-1E2
Dalia MacKowle,+82 224 173 1699,dmackowleb@fda.gov,23,36,86,false,los-angeles,3/11/2021,(ï¾‰à²¥ç›Šà²¥ï¼‰ï¾‰ï»¿ â”»â”â”»
Dulce Aslam,+57 491 153 4454,daslamc@squarespace.com,55,71,39,false,SA,6/1/2020,() { _; } >_[$($())] { touch /tmp/blns.shellshock2.fail; }
Rockey Nund,+55 565 981 2173,rnundd@bigcartel.com,75,98,17,false,sanFranc,5/25/2020,nil
Arne McWilliams,+351 481 480 1602,amcwilliamse@cbc.ca,21,83,5,false,Viseu,2/28/2021,Å“âˆ‘Â´Â®â€ Â¥Â¨Ë†Ã¸Ï€â€œâ€˜
Jacynth Isgar,+46 254 388 8185,jisgarf@amazon.co.uk,5,41,78,true,Ã–stergÃ¶tland,9/20/2020,""""""
Sukey Robbins,+46 254 388 8185,srobbinsg@hostgator.com,90,76,69,false,,11/20/2020,ì‚¬íšŒê³¼í•™ì› ì–´í•™ì—°êµ¬ì†Œ
Eadmund Cammacke,+66 676 870 1183,ecammackeh@state.tx.us,96,82,60,asdf,,3/13/2021,ãƒ½à¼¼àºˆÙ„Íœàºˆà¼½ï¾‰ ãƒ½à¼¼àºˆÙ„Íœàºˆà¼½ï¾‰ 
Ambrosi Kinsell,+86 570 261 9012,akinselli@guardian.co.uk,58,3,52,true,,7/14/2020,ì‚¬íšŒê³¼í•™ì› ì–´í•™ì—°êµ¬ì†Œ
Viki Messier,+46 254 388 8185,vmessierj@bing.com,59,26,40,true,,1/30/2021,Î©â‰ˆÃ§âˆšâˆ«ËœÂµâ‰¤â‰¥Ã·
Dorey Arnet,+49 514 874 5596,darnetk@bloomberg.com,6,42,20,true,Sachsen-Anhalt|SA,09/30/2021,ç¤¾æœƒç§‘å­¸é™¢èªå­¸ç ”ç©¶æ‰€
Barron Mingo,+86 691 208 9336,bmingol@vkontakte.ru,57,18,86,false,,2/27/2021,áš€
Alon Bonnaire,+86 646 401 3326,abonnairem@go.com,30,66,29,false,,4/7/2020,'
Donna Sheahan,+55 865 794 5297,dsheahann@gov.uk,82,52,34,false,,4/8/2020,Â¸Ë›Ã‡â—ŠÄ±ËœÃ‚Â¯Ë˜Â¿
Padraig Preshous,+352 352 565 6907,ppreshouso@furl.net,52,6,33,true,,10/28/2020,ï¼‘ï¼’ï¼“
Keely Sterland,+54 434 584 7015,ksterlandp@taobao.com,43,55,68,true,,12/27/2020,Ì¦HÍÌ¬Ì¤Ì—Ì¤eÍœ ÍÌœÌ¥ÌÌ»ÍÌŸwÌ•hÌ–Ì¯Í“oÌÍ™Ì–ÍÌ±Ì® Ò‰ÌºÌ™ÌÌŸÍˆWÌ·Ì¼Ì­aÌºÌªÍiÌ¨ÍˆÍ•Ì­Í™Ì¯ÌœtÌ¶Ì¼Ì®sÌ•Ì˜Í™Í– Ì Ì«Ì BÌ»ÍÍ…Í™Í‰Ì³eÌµhÌµÌ¬Í‡Ì«Í™iÌ•Ì¹Í“Ì³Ì³Ì®ÍÌ«nÍŸdÌ´ÌªÌœÌ– ÍÌ°Í‰Ì©Í…Í‡Í™Ì²TÍ¢Í–Ì¼Í“ÌªhÍÍ“Ì®Ì»eÌ¬ÌÍ…ÌŸ Ì¤Ì¹ÌWÍÍ…Í™ÌÌÍ”Í‡aÍÍ“Í”Ì¹Ì¼Ì£lÌ´Í”Ì°Ì¤ÌŸÍ”lÌ­Ì«.Í•
Grace Eason,+30 134 691 3496,geasonq@miitbeian.gov.cn,88,74,42,false,,12/9/2020,ğŸµ ğŸ™ˆ ğŸ™‰ ğŸ™Š
Yelena Hallford,+58 804 950 7078,yhallfordr@shinystat.com,71,10,76,true,,3/3/2021,../../../../../../../../../../../etc/hosts
Hendrika Champkins,+33 652 833 8643,hchampkinss@paypal.com,33,78,56,true,Aquitaine,10/20/2020,â€‹
Drusilla Smallcomb,+967 666 859 7370,dsmallcombt@prweb.com,69,65,24,false,,6/11/2020,å’Œè£½æ¼¢èª
Andi Bignell,+86 993 915 9400,abignellu@admin.ch,74,41,39,true,,7/27/2020,Ã…ÃÃÃËÃ“Ã”ï£¿Ã’ÃšÃ†â˜ƒ
Alyss Scantleberry,+86 811 987 2474,ascantleberryv@cnn.com,78,61,76,true,,2/8/2021,-1E2
Amalia Scarrott,+58 689 593 7175,ascarrottw@mayoclinic.com,72,2,91,false,,8/16/2020,éƒ¨è½æ ¼
Alwin Hatley,+62 408 169 7444,ahatleyx@reference.com,70,38,80,false,,11/2/2020,"<>?:""{}|_+"
Merci Heister,+976 707 629 9724,mheistery@wordpress.com,47,70,97,false,,2/4/2021,1/2
Lucias Falconbridge,+62 975 291 8584,lfalconbridgez@accuweather.com,29,97,57,false,,1/14/2021,"'""'"
Briny Jeaneau,+81 527 276 5217,bjeaneau10@theatlantic.com,96,44,30,false,,1/16/2021,0.00
Dido Canet,+86 325 123 9073,dcanet11@netlog.com,35,62,91,true,,7/3/2020,<svg><script>0<1>alert('XSS')</script>
Shelby Renackowna,+54 397 526 9888,srenackowna12@fc2.com,19,9,60,true,,8/10/2020,nil
Zacharie Blackeby,+66 152 919 3150,zblackeby13@nyu.edu,81,19,65,true,,12/2/2020,1'; DROP TABLE users--
Bobbee Downham,+55 851 513 3743,bdownham14@addthis.com,59,76,66,false,,1/6/2021,â¢
Justus Cescotti,+86 317 467 6737,jcescotti15@mit.edu,18,12,42,false,,8/16/2020,â°â´âµâ‚€â‚â‚‚
Aldrich Chelley,+996 109 788 4774,achelley16@jugem.jp,22,36,70,false,,4/26/2020,ç¤¾æœƒç§‘å­¸é™¢èªå­¸ç ”ç©¶æ‰€
Daniela Barenski,+374 372 575 0882,dbarenski17@whitehouse.gov,75,17,53,false,,1/28/2021,ğŸµ ğŸ™ˆ ğŸ™‰ ğŸ™Š
Hillary Portail,+63 752 327 4515,hportail19@scribd.com,5,63,6,false,,9/29/2020,0/0
Regan Grebner,+62 921 320 3863,rgrebner1a@plala.or.jp,56,65,7,false,,10/14/2020,ãƒ½à¼¼àºˆÙ„Íœàºˆà¼½ï¾‰ ãƒ½à¼¼àºˆÙ„Íœàºˆà¼½ï¾‰ 
Dena Scamwell,+62 629 943 7041,dscamwell1b@wisc.edu,75,53,81,false,,11/20/2020,testâ testâ€«
Justina Adnam,+33 213 109 4402,jadnam1c@sohu.com,52,20,30,true,Aquitaine,4/21/2020,ãƒ½à¼¼àºˆÙ„Íœàºˆà¼½ï¾‰ ãƒ½à¼¼àºˆÙ„Íœàºˆà¼½ï¾‰ 
Murial Gander,+352 136 991 9935,mgander1d@ed.gov,24,78,81,false,,1/7/2021,NIL
Lutero Poulsen,+387 430 822 2951,lpoulsen1e@google.nl,71,42,38,true,,12/26/2020,test
Martica Farrer,+62 533 553 6377,mfarrer1f@123-reg.co.uk,48,7,19,true,,3/3/2021,"Ø«Ù… Ù†ÙØ³ Ø³Ù‚Ø·ØªØµÙŠØ¨ ÙƒØ§Ù†. Ø¨ÙŠÙ† Ù…Ø§, ÙŠØ°ÙƒØ± Ø§Ù„Ø­Ø¯ÙˆØ¯ Ø£ÙŠ Ø¨Ø¹Ø¯, Ù…Ø¹Ø§Ù…Ù„Ø© Ø¨ÙˆÙ„Ù†Ø¯Ø§ØŒ Ø§Ù„Ø¥Ø·Ù„Ø§Ù‚ Ø¹Ù„ Ø¥ÙŠÙˆ."
Niko Kaman,+48 943 389 8391,nkaman1g@i2i.jp,98,35,50,false,,7/10/2020,0.00
Hadleigh Sitlington,+7 789 715 5931,hsitlington1h@eventbrite.com,37,4,37,false,,4/11/2020,-1E2
Carley Smowton,+261 532 995 5695,csmowton1i@tripadvisor.com,77,20,50,true,,9/10/2020,-$1.00
Shanan Threlfall,+994 789 910 9309,sthrelfall1j@linkedin.com,80,61,34,true,,3/29/2021,ãƒ½à¼¼àºˆÙ„Íœàºˆà¼½ï¾‰ ãƒ½à¼¼àºˆÙ„Íœàºˆà¼½ï¾‰ 
Ber Farrants,+46 232 580 6975,bfarrants1k@github.io,76,57,94,false,Ã–stergÃ¶tland,7/21/2020,nil
Debora Fancutt,+351 300 997 4492,dfancutt1l@php.net,35,21,55,false,Porto,8/1/2020,â‚€â‚â‚‚
Raeann Bates,+81 873 979 6214,rbates1m@patch.com,95,41,62,true,,6/4/2020,0.00
Ernaline Talkington,+261 666 336 1210,etalkington1n@creativecommons.org,90,1,11,false,,4/18/2020,1/2
Nat Phittiplace,+62 387 466 6264,nphittiplace1o@moonfruit.com,46,39,61,false,,4/4/2020,!@#$%^&*()
Danna Stollman,+380 220 752 2547,dstollman1p@nytimes.com,33,49,34,true,,9/22/2020,0ï¸âƒ£ 1ï¸âƒ£ 2ï¸âƒ£ 3ï¸âƒ£ 4ï¸âƒ£ 5ï¸âƒ£ 6ï¸âƒ£ 7ï¸âƒ£ 8ï¸âƒ£ 9ï¸âƒ£ ğŸ”Ÿ
Minda Ivamy,+55 305 809 4584,mivamy1q@illinois.edu,64,72,82,true,,9/25/2020,ãƒ»(ï¿£âˆ€ï¿£)ãƒ»:*:
Giacopo Kittel,+33 804 709 5987,gkittel1r@com.com,74,44,56,true,Ãle-de-France,4/4/2020,null
Doreen Arndt,+353 772 368 2906,darndt1s@mozilla.org,2,78,32,false,,5/27/2020,ğŸ‘¾ ğŸ™‡ ğŸ’ ğŸ™… ğŸ™† ğŸ™‹ ğŸ™ ğŸ™ 
Antin Masi,+55 426 207 1312,amasi1t@cafepress.com,69,3,65,false,,10/11/2020,""""""
Rudiger Janecki,+7 933 133 5120,rjanecki1u@spiegel.de,12,7,90,false,,9/23/2020,ãƒ‘ãƒ¼ãƒ†ã‚£ãƒ¼ã¸è¡Œã‹ãªã„ã‹
Connie Verduin,+1 404 675 7016,cverduin1v@etsy.com,35,25,57,true,Georgia,12/4/2020,(ï¾‰à²¥ç›Šà²¥ï¼‰ï¾‰ï»¿ â”»â”â”»
Judon Stit,+86 836 419 2051,jstit1w@webnode.com,50,82,68,false,,5/12/2020,(â•¯Â°â–¡Â°ï¼‰â•¯ï¸µ â”»â”â”»)  
Keary Iddiens,+54 257 846 9376,kiddiens1x@istockphoto.com,19,87,87,false,,1/7/2021,Ì¡Í“Í…ÌIÍÌ—Ì˜Ì¦nÍ‡Í‡Í™vÌ®Ì«okÌ²Ì«Ì™ÍˆiÌ–Í™Ì­Ì¹Ì ÌnÌ¡Ì»Ì®Ì£ÌºgÌ²ÍˆÍ™Ì­Í™Ì¬Í Ì°tÍ”Ì¦hÌÌ²eÌ¢Ì¤ ÍÌ¬Ì²Í–fÌ´Ì˜Í•Ì£eÍ€Í–eÌ£Ì¥Ì©lÍ–Í”ÍšiÍ Í“ÍšÌ¦nÍ–ÍÌ—Í“Ì³Ì®gÍ Ì¨oÍ¡ÍšÌªfÌ˜Ì£Ì¬ Ì–Ì˜Í–ÌŸÍ™Ì®cÒ‰Í”Ì«Í–Í“Í‡Í–Í…hÌµÌ¤Ì£ÍšÍ”aÍÌ—Ì¼Í…Í•oÌ¼Ì£Ì¥sÍ¢Ì±ÍˆÌºÌ–Ì¦Ì».Ì›Ì–ÌÌ Ì«Ì°
Devon Skittles,+420 757 564 7875,dskittles1y@patch.com,97,99,67,false,,5/8/2020,ğŸ‘¾ ğŸ™‡ ğŸ’ ğŸ™… ğŸ™† ğŸ™‹ ğŸ™ ğŸ™ 
Ermina McAlarney,+63 484 913 5616,emcalarney1z@seesaa.net,87,5,70,false,,8/25/2020,â€‹
Melonie Coltart,+33 147 819 1194,mcoltart20@go.com,63,100,45,true,Provence-Alpes-CÃ´te d'Azur,1/13/2021,$1.00
Linnea Garn,+7 938 154 7031,lgarn21@webs.com,31,4,13,false,,8/8/2020,â¤ï¸ ğŸ’” ğŸ’Œ ğŸ’• ğŸ’ ğŸ’“ ğŸ’— ğŸ’– ğŸ’˜ ğŸ’ ğŸ’Ÿ ğŸ’œ ğŸ’› ğŸ’š ğŸ’™
Teena Adamthwaite,+86 501 212 1893,tadamthwaite22@cocolog-nifty.com,64,47,6,false,,12/28/2020,-1/2
Emmott Beller,+57 738 736 0274,ebeller23@about.me,96,80,10,false,,10/3/2020,â¢
Matteo Barnes,+48 224 262 5453,mbarnes24@rambler.ru,70,5,46,false,,5/6/2020,â€«testâ€«
Napoleon Flanner,+48 856 744 3435,nflanner25@npr.org,63,14,51,true,,4/1/2020,ğŸš¾ ğŸ†’ ğŸ†“ ğŸ†• ğŸ†– ğŸ†— ğŸ†™ ğŸ§
Isiahi Diamond,+33 755 983 2623,idiamond26@bbc.co.uk,72,56,75,false,Provence-Alpes-CÃ´te d'Azur,9/25/2020,áš€
Hildagard Faccini,+591 629 713 3637,hfaccini27@surveymonkey.com,12,38,50,true,,8/3/2020,99999999999999999999999
Reinhard Corter,+86 488 166 6032,rcorter28@loc.gov,74,21,89,true,,4/11/2020,Â¡â„¢Â£Â¢âˆÂ§Â¶â€¢ÂªÂºâ€“â‰ 
Deerdre Beavington,+46 717 846 5586,dbeavington29@sciencedirect.com,48,24,23,true,JÃ¶nkÃ¶ping,4/13/2020,â¤ï¸ ğŸ’” ğŸ’Œ ğŸ’• ğŸ’ ğŸ’“ ğŸ’— ğŸ’– ğŸ’˜ ğŸ’ ğŸ’Ÿ ğŸ’œ ğŸ’› ğŸ’š ğŸ’™
Risa Hadwick,+7 710 352 2128,rhadwick2a@earthlink.net,63,68,8,true,,6/6/2020,<img src=x onerror=alert('hi') />
Burl Wotherspoon,+58 188 659 1535,bwotherspoon2b@prlog.org,72,34,97,false,,3/17/2021,å’Œè£½æ¼¢èª
Mabelle Huws,+20 716 275 8833,mhuws2c@flickr.com,80,94,80,true,,10/8/2020,0.00
Stavro Arundel,+86 439 682 6406,sarundel2d@bravesites.com,94,16,48,true,,1/18/2021,`â„â‚¬â€¹â€ºï¬ï¬‚â€¡Â°Â·â€šâ€”Â±
Linell Vanshin,+1 869 126 6755,lvanshin2e@photobucket.com,73,82,2,true,,2/13/2021,() { _; } >_[$($())] { touch /tmp/blns.shellshock2.fail; }
Jordan Wyldbore,+62 628 492 6616,jwyldbore2f@goo.ne.jp,58,44,31,true,,12/30/2020,ç”°ä¸­ã•ã‚“ã«ã‚ã’ã¦ä¸‹ã•ã„
Abigale Caccavella,+380 603 722 2631,acaccavella2g@utexas.edu,8,20,36,true,,5/23/2020,ğŸ‘¾ ğŸ™‡ ğŸ’ ğŸ™… ğŸ™† ğŸ™‹ ğŸ™ ğŸ™ 
Morten Almond,+86 405 329 8852,malmond2h@guardian.co.uk,66,73,38,false,,2/27/2021,â£
Mariellen Giraudeau,+62 553 247 5871,mgiraudeau2i@wikispaces.com,7,72,94,false,,3/8/2021,$1.00
Jamey Cottle,+371 322 236 7018,jcottle2j@facebook.com,57,8,3,false,,3/3/2021,Ì¦HÍÌ¬Ì¤Ì—Ì¤eÍœ ÍÌœÌ¥ÌÌ»ÍÌŸwÌ•hÌ–Ì¯Í“oÌÍ™Ì–ÍÌ±Ì® Ò‰ÌºÌ™ÌÌŸÍˆWÌ·Ì¼Ì­aÌºÌªÍiÌ¨ÍˆÍ•Ì­Í™Ì¯ÌœtÌ¶Ì¼Ì®sÌ•Ì˜Í™Í– Ì Ì«Ì BÌ»ÍÍ…Í™Í‰Ì³eÌµhÌµÌ¬Í‡Ì«Í™iÌ•Ì¹Í“Ì³Ì³Ì®ÍÌ«nÍŸdÌ´ÌªÌœÌ– ÍÌ°Í‰Ì©Í…Í‡Í™Ì²TÍ¢Í–Ì¼Í“ÌªhÍÍ“Ì®Ì»eÌ¬ÌÍ…ÌŸ Ì¤Ì¹ÌWÍÍ…Í™ÌÌÍ”Í‡aÍÍ“Í”Ì¹Ì¼Ì£lÌ´Í”Ì°Ì¤ÌŸÍ”lÌ­Ì«.Í•
Bing Bullerwell,+55 686 504 3653,bbullerwell2k@canalblog.com,44,46,65,true,,3/11/2021,() { _; } >_[$($())] { touch /tmp/blns.shellshock2.fail; }
Chrotoem Karpman,+63 378 155 4733,ckarpman2l@harvard.edu,33,28,21,true,,5/5/2020,ï»¿
Kerr Swindley,+62 368 747 4343,kswindley2m@hao123.com,56,56,84,false,,1/29/2021,NIL
Corny Tue,+1 829 245 5918,ctue2n@vinaora.com,57,63,91,false,,1/16/2021,â€‹
Stephana Worland,+52 801 114 2146,sworland2o@desdev.cn,18,42,10,true,Guanajuato,5/1/2020,",ã€‚ãƒ»:*:ãƒ»ã‚œâ€™( â˜» Ï‰ â˜» )ã€‚ãƒ»:*:ãƒ»ã‚œâ€™"
Robert Kobes,+354 125 867 9514,rkobes2p@friendfeed.com,73,52,85,true,,10/31/2020,Ì—ÌºÍ–Ì¹Ì¯Í“TÌ±Ì¤ÍÌ¥Í‡ÍˆhÍÌ²eÍÍ“Ì¼Ì—Ì™Ì¼Ì£Í” Í‡ÌœÌ±Ì Í“ÍÍ…NÍ Í•eÌ—Ì±zÌ˜ÌÌœÌºÍ™pÌ¤ÌºÌ¹ÍÌ¯ÍšeÍœÌ Ì»Ì rÌ¨Ì¤ÍÌºÌ–Í”Ì–Ì–dÍŸÌ ÌŸÌ­Ì¬ÌiÌ¦Í–Ì©Í“Í”Ì¤aÌ Ì—Ì¬Í‰Ì™nÍœÍš Ì»ÌÌ°ÍšÍ…hÌµÍ‰iÌ³ÌvÌ¢Í‡eÍŸÌ­Í-Ò‰Ì­Ì©Ì¼Í”mÌ¤Ì­Ì«iÍ•Í‡ÌÌ¦nÌ—Í™dÌ£ÌŸ ÍÌ¯Ì²Í•oÌ¨ÌŸÌ¯Ì°Ì²Í™Ì»Ìf Í˜ÌªÌ°Ì°Ì—Ì–Ì­Ì˜cÌ¦ÍÌ²ÌÍÌ©Ì™hÌ£ÍšaÍœÌ®ÍÌŸÌ™oÌ›Ì©Ì¹ÍsÌ¤.ÌÌ Ò‰ZÌ¡Ì–ÌœÍ–Ì°Ì£Í‰ÌœaÍ¡Í–Ì°Í™Ì¬lÌ²Ì«Ì³ÍÌ©gÌ¡ÌŸÌ¼Ì±ÍšÌÌ¬Í…oÍœÌ—.ÌŸ
Cornie Cazereau,+41 107 418 4619,ccazereau2q@purevolume.com,92,15,11,true,Kanton Bern,12/21/2020,0/0
Antonina Widdocks,+86 414 371 0953,awiddocks2r@purevolume.com,40,55,48,true,,3/16/2021,×”Ö¸×™Ö°×ªÖ¸×”testØ§Ù„ØµÙØ­Ø§Øª Ø§Ù„ØªÙ‘Ø­ÙˆÙ„